{
    "last_train_date": "20260317_1803",
    "rmse": 1.5483698587664265,
    "features_importance": {
        "Value_1": 22.76330259813037,
        "Value_2": 18.81035171792389,
        "Value_3": 13.266236643691457,
        "Value_4": 1.591075337942584,
        "Value_5": 4.455558296219633,
        "Value_6": 2.351761787525212,
        "Value_7": 0.323281142197201,
        "Value_8": 0.00964430485841138,
        "Value_9": 0.11309160063455417,
        "Value_10": 0.5635623775001064,
        "Value_11": 1.4677926850054754,
        "Value_12": 2.4075245165123462,
        "Value_13": 0.7237110167328654,
        "Value_14": 0.12592290485490973,
        "Value_15": 0.013387498514965027,
        "past_15_mean": 4.740020624383589,
        "past_15_std": 0.007946838045355979,
        "past_15_max": 22.5841228265325,
        "past_15_min": 0.008937326679499317,
        "past_15_median": 3.644294749929289,
        "past_15_pct_median": 0.005288370949520216,
        "trend_long": 0.006875647162097525,
        "trend_short": 0.004540041339259415,
        "diff_Value_2": 0.011769146734876097
    },
    "hyperparameters": {
        "iterations": 497,
        "learning_rate": 0.029586277808002694,
        "depth": 8,
        "l2_leaf_reg": 0.07374083603871312,
        "random_strength": 0.0011583260766377097,
        "grow_policy": "Lossguide",
        "min_data_in_leaf": 53,
        "max_leaves": 57,
        "bootstrap_type": "MVS",
        "subsample": 0.50970872017493,
        "colsample_bylevel": 0.6434805314890613
    }
}