{
    "last_train_date": "20260325_0254",
    "rmse": 1.6535376674059914,
    "features_importance": {
        "Value_1": 24.899540644401487,
        "Value_2": 15.651491483365561,
        "Value_3": 15.160756118099947,
        "Value_4": 1.8609140976266947,
        "Value_5": 3.3708575728675187,
        "Value_6": 0.26235557307938623,
        "Value_7": 3.2299716504555853,
        "Value_8": 1.1811050273108323,
        "Value_9": 0.5048608555753333,
        "Value_10": 1.1937110066695413,
        "Value_11": 0.32549743168069867,
        "Value_12": 1.2082073654688397,
        "Value_13": 0.37587644037015494,
        "Value_14": 0.12759045165208455,
        "Value_15": 0.03327292436082175,
        "past_15_mean": 2.3894998300493047,
        "past_15_max": 26.162288363801384,
        "past_15_min": 0.06522768082997599,
        "past_15_median": 1.9262552101576538,
        "past_15_pct_median": 0.010153966543368573,
        "trend_long": 0.01745386499077945,
        "trend_short": 0.016841205999576583,
        "diff_Value_2": 0.02235683339900803,
        "diff_Value_3": 0.00391440124446005
    },
    "hyperparameters": {
        "iterations": 191,
        "learning_rate": 0.08344955329777838,
        "depth": 7,
        "l2_leaf_reg": 0.6552506998321025,
        "random_strength": 0.03017136090594839,
        "grow_policy": "Lossguide",
        "min_data_in_leaf": 96,
        "max_leaves": 32,
        "bootstrap_type": "Bayesian",
        "bagging_temperature": 5.378090263219423,
        "colsample_bylevel": 0.8230979068255531
    }
}