{
    "last_train_date": "20260317_1734",
    "rmse": 1.427856260720266,
    "features_importance": {
        "Value_1": 54.898698747198104,
        "Value_2": 11.845004916764907,
        "Value_3": 20.531250787645444,
        "Value_4": 0.019152061724596606,
        "Value_5": 0.21293461979171668,
        "Value_6": 0.1459675374356825,
        "Value_7": 0.009911155475937882,
        "Value_8": 4.116474544505062,
        "Value_9": 0.0961089671143087,
        "Value_10": 0.13843914535918075,
        "Value_11": 0.3966884384980144,
        "Value_12": 1.0145258815404152,
        "Value_13": 0.02755849636363553,
        "Value_14": 0.00743704489158155,
        "Value_15": 0.015996848333749165,
        "past_15_mean": 1.652359924377384,
        "past_15_std": 0.016594844954481935,
        "past_15_max": 4.644532108860262,
        "past_15_min": 0.011118752891735728,
        "past_15_median": 0.08972797433687944,
        "past_15_pct_median": 0.015762453141263972,
        "trend_long": 0.02720626367363551,
        "trend_short": 0.04885138277727905,
        "diff_Value_2": 0.017697102344729765
    },
    "hyperparameters": {
        "iterations": 737,
        "learning_rate": 0.2643974000183267,
        "depth": 6,
        "l2_leaf_reg": 0.013767607409750828,
        "random_strength": 1.3901521578177748e-06,
        "grow_policy": "Lossguide",
        "min_data_in_leaf": 32,
        "max_leaves": 39,
        "bootstrap_type": "Bayesian",
        "bagging_temperature": 9.223735330298677,
        "colsample_bylevel": 0.8580548388109983
    }
}