{
    "last_train_date": "20260425_0340",
    "rmse": 1.5228450508996354,
    "features_importance": {
        "Category": 0.0026167961011685737,
        "Value_1": 35.93065571435736,
        "Value_2": 5.253794571740205,
        "Value_3": 2.271924199790441,
        "Value_4": 6.82487214467999,
        "Value_5": 5.1000436035281655,
        "Value_7": 0.016335030879739275,
        "Value_8": 0.07492474717416983,
        "Value_9": 0.04688716046984042,
        "Value_10": 0.2957507221865915,
        "Value_11": 0.7111826992888884,
        "Value_12": 1.662705273062131,
        "Value_13": 0.010633857810779383,
        "Value_14": 0.006545762213041004,
        "Value_15": 2.0506800784929715,
        "past_15_mean": 6.443972658497008,
        "past_15_max": 33.18514573364621,
        "past_15_min": 0.005779639764846446,
        "past_15_median": 0.07246327845068,
        "past_15_pct_median": 0.005717814988673091,
        "trend_long": 0.009528677893810435,
        "trend_short": 0.005908255371441542,
        "diff_Value_2": 0.009856575890111357,
        "diff_Value_3": 0.0020750037217352637
    },
    "hyperparameters": {
        "iterations": 722,
        "learning_rate": 0.05530715556697769,
        "depth": 9,
        "l2_leaf_reg": 0.012654000053439553,
        "random_strength": 2.9979923523351133e-09,
        "grow_policy": "Lossguide",
        "min_data_in_leaf": 56,
        "max_leaves": 57,
        "bootstrap_type": "MVS",
        "subsample": 0.5014528000587758,
        "colsample_bylevel": 0.7125831559461537
    }
}