{
    "last_train_date": "20260317_1458",
    "rmse": 1.678104247161374,
    "features_importance": {
        "Value_1": 47.009569600164525,
        "Value_2": 5.418355926093025,
        "Value_3": 0.020087056663279923,
        "Value_4": 0.05710794303753955,
        "Value_5": 0.024544735998553967,
        "Value_6": 0.0012991987747690702,
        "Value_7": 0.0015178849270487203,
        "Value_8": 0.008555757889840325,
        "Value_9": 0.019305321701059613,
        "Value_10": 0.11359218651580799,
        "Value_11": 2.117639715861511,
        "Value_12": 1.3107496129807548,
        "Value_13": 0.007165689865852484,
        "Value_14": 0.004584463845423182,
        "Value_15": 0.0013812677034665392,
        "past_15_mean": 0.6817521051652011,
        "past_15_std": 0.008355690039783103,
        "past_15_max": 43.16099504684175,
        "past_15_min": 0.007562386099555174,
        "past_15_median": 0.0003718384386207787,
        "past_15_pct_median": 0.005275395682095337,
        "trend_long": 0.008498149975864002,
        "trend_short": 0.005163150946717279,
        "diff_Value_2": 0.006569874787958831
    },
    "hyperparameters": {
        "iterations": 725,
        "learning_rate": 0.16185675673801153,
        "depth": 4,
        "l2_leaf_reg": 0.9503524649457183,
        "random_strength": 1.9104953376373156e-09,
        "grow_policy": "Lossguide",
        "min_data_in_leaf": 12,
        "max_leaves": 21,
        "bootstrap_type": "MVS",
        "subsample": 0.8483301653757622,
        "colsample_bylevel": 0.9136091087157919
    }
}