{
    "last_train_date": "20260317_1818",
    "rmse": 1.52179816783917,
    "features_importance": {
        "Value_1": 45.00335151055767,
        "Value_2": 20.07238673931356,
        "Value_3": 1.0367211413738462,
        "Value_4": 2.239224984186408,
        "Value_5": 3.5528279884276053,
        "Value_6": 1.8846288170181023,
        "Value_7": 1.091855479945202,
        "Value_8": 0.08480128479489905,
        "Value_9": 2.4111930649144453,
        "Value_10": 2.0347910586244224,
        "Value_11": 6.282520833933779,
        "Value_12": 1.7711341415156552,
        "Value_13": 0.02095731427598728,
        "Value_14": 0.11008977465158278,
        "Value_15": 1.474658942190893,
        "past_15_mean": 0.4516833462454722,
        "past_15_std": 0.010753329874534583,
        "past_15_max": 10.320070607538174,
        "past_15_min": 0.04357396231938838,
        "past_15_median": 0.04173995032615947,
        "past_15_pct_median": 0.003915517828893103,
        "trend_long": 0.011884646639051597,
        "trend_short": 0.026266771573463046,
        "diff_Value_2": 0.018968791930796938
    },
    "hyperparameters": {
        "iterations": 404,
        "learning_rate": 0.08386845769359573,
        "depth": 4,
        "l2_leaf_reg": 0.13145567254799245,
        "random_strength": 3.1227922872749724e-06,
        "grow_policy": "Lossguide",
        "min_data_in_leaf": 50,
        "max_leaves": 19,
        "bootstrap_type": "Bayesian",
        "bagging_temperature": 7.165411953623327,
        "colsample_bylevel": 0.6686853761278777
    }
}