{
    "last_train_date": "20260317_1058",
    "rmse": 1.601493081576168,
    "features_importance": {
        "Value_1": 27.094809893347687,
        "Value_2": 16.519517310176536,
        "Value_3": 3.9620040923851323,
        "Value_4": 6.094475833151326,
        "Value_5": 2.517979857230495,
        "Value_6": 0.06556090542444742,
        "Value_7": 2.026609754724266,
        "Value_8": 0.9511762883527037,
        "Value_9": 0.08127107449441116,
        "Value_10": 0.38606790841387145,
        "Value_11": 3.3918798868954774,
        "Value_12": 1.3264426028706782,
        "Value_13": 0.031967515164755954,
        "Value_14": 0.227060373326743,
        "Value_15": 0.4458463821891108,
        "past_15_mean": 3.101684536402364,
        "past_15_std": 0.0057020103017622675,
        "past_15_max": 29.13549571618711,
        "past_15_min": 0.009359614137135885,
        "past_15_median": 2.5971855359392464,
        "past_15_pct_median": 0.0030292599244875957,
        "trend_long": 0.0050525721116882714,
        "trend_short": 0.004480431510065417,
        "diff_Value_2": 0.015340645338515067
    },
    "hyperparameters": {
        "iterations": 888,
        "learning_rate": 0.019077636873941456,
        "depth": 4,
        "l2_leaf_reg": 0.028962276688706948,
        "random_strength": 0.00037679138204361876,
        "grow_policy": "Depthwise",
        "min_data_in_leaf": 85,
        "bootstrap_type": "MVS",
        "subsample": 0.7551950803024121,
        "colsample_bylevel": 0.40855815373218146
    }
}