{
    "last_train_date": "20260316_1721",
    "rmse": 1.581414696231927,
    "features_importance": {
        "Category": 0.0020819488693656417,
        "Value_1": 36.989789848212105,
        "Value_2": 7.208744748505307,
        "Value_3": 12.106183766521612,
        "Value_4": 8.752748188642924,
        "Value_5": 0.2434278475847011,
        "Value_6": 0.39689837011706725,
        "Value_7": 0.1885092307522909,
        "Value_8": 0.05248445524464913,
        "Value_9": 0.13557378357807642,
        "Value_10": 0.5758575826525382,
        "Value_11": 0.37355120230388605,
        "Value_12": 1.8842582838918265,
        "Value_13": 0.268291894605319,
        "Value_14": 0.9420398800786344,
        "Value_15": 0.1287443452295054,
        "past_15_mean": 1.069267592068023,
        "past_15_std": 0.0045766465335331016,
        "past_15_max": 17.903401320606047,
        "past_15_min": 0.06755091639264607,
        "past_15_median": 10.604338374179344,
        "past_15_ptp": 0.00571634736780512,
        "past_15_pct_min": 0.006563266967511146,
        "past_15_pct_max": 0.006669231468613929,
        "trend_long": 0.006014535732422902,
        "trend_short": 0.013853375992945898,
        "diff_Value_2": 0.017769925638263854,
        "diff_Value_3": 0.003318633294716695,
        "diff_Value_10": 0.0028084774059653254,
        "diff_Value_11": 0.0025576289837342535,
        "diff_Value_12": 0.0032196458889780133,
        "diff_Value_13": 0.02955667328419821,
        "diff_Value_14": 0.003632031405420023
    },
    "hyperparameters": {
        "iterations": 953,
        "learning_rate": 0.06297136576838773,
        "depth": 4,
        "l2_leaf_reg": 0.21198403785808165,
        "random_strength": 0.0001473636486983425,
        "grow_policy": "Lossguide",
        "min_data_in_leaf": 17,
        "max_leaves": 47,
        "bootstrap_type": "Bayesian",
        "bagging_temperature": 9.540383378315267,
        "colsample_bylevel": 0.5943363200197487
    }
}