{
    "last_train_date": "20260525_0454",
    "rmse": 1.4291731711600382,
    "features_importance": {
        "Value_1": 52.388511275002756,
        "Value_2": 3.8183561017770073,
        "Value_3": 0.1496856556298986,
        "Value_4": 0.10750338871460806,
        "Value_5": 0.06926199958427755,
        "Value_6": 0.059637801838206994,
        "Value_7": 0.07853604656207545,
        "Value_8": 0.029539458757691112,
        "Value_9": 0.054773464089310546,
        "Value_10": 0.4883448035464138,
        "Value_11": 0.6662177089193551,
        "Value_12": 1.638117557595984,
        "Value_13": 0.01045361219630056,
        "Value_14": 0.010844431641824848,
        "Value_15": 0.003299140282257327,
        "past_15_mean": 3.092418552416392,
        "past_15_std": 0.0043486791764299005,
        "past_15_max": 37.03486190910605,
        "past_15_min": 0.012641683607993465,
        "past_15_median": 0.2564758217560191,
        "trend_long": 0.0044252754507441445,
        "trend_short": 0.005020619042635825,
        "diff_Value_2": 0.008032886184298593,
        "month_sin": 0.008692127121447821
    },
    "hyperparameters": {
        "iterations": 865,
        "learning_rate": 0.013052989277768401,
        "depth": 6,
        "l2_leaf_reg": 0.22066944716478618,
        "random_strength": 2.7983963333508876e-05,
        "grow_policy": "Depthwise",
        "min_data_in_leaf": 94,
        "bootstrap_type": "Bernoulli",
        "subsample": 0.5499716356896208,
        "colsample_bylevel": 0.9152467085779984
    }
}