{
    "last_train_date": "20260315_1648",
    "rmse": 1.4768150228639403,
    "features_importance": {
        "Value_1": 43.00889342456726,
        "Value_2": 21.690733207678782,
        "Value_3": 2.2318772302472425,
        "Value_4": 1.360908743462774,
        "Value_5": 0.028111379173283324,
        "Value_6": 3.8843830535663693,
        "Value_7": 2.0244603755963464,
        "Value_8": 1.0787860797028082,
        "Value_9": 0.364799309765785,
        "Value_10": 0.5097055447369542,
        "Value_11": 0.11776623389616535,
        "Value_12": 1.3737758329273833,
        "Value_13": 0.019628692998165914,
        "Value_14": 0.08963008066222546,
        "Value_15": 0.06307022168123273,
        "past_15_mean": 0.6927892550821182,
        "past_15_std": 0.00839727896377219,
        "past_15_max": 21.381958836363744,
        "past_15_min": 0.03356531429664607,
        "trend_long": 0.010218729246712854,
        "trend_short": 0.014490415429584033,
        "month_sin": 0.01054901763052224,
        "month_cos": 0.0015017423241343942
    },
    "hyperparameters": {
        "iterations": 334,
        "learning_rate": 0.11435355419139913,
        "depth": 6,
        "l2_leaf_reg": 5.87276161909963,
        "random_strength": 4.400475230485632e-09,
        "grow_policy": "Lossguide",
        "min_data_in_leaf": 92,
        "max_leaves": 49,
        "bootstrap_type": "MVS",
        "subsample": 0.5981057140151893,
        "colsample_bylevel": 0.4181292237980892
    }
}